temp_band,avg_brake_temp_c
Cold (0–10°C),91.42474675816668
Mild (10–20°C),91.78554684954545
Warm (20–30°C),85.53911629455769
Hot (30–50°C),68.08056747219541
