temp_band,avg_engine_performance_percent
Cold (0–10°C),65.09134901362371
Mild (10–20°C),60.063320547741725
Warm (20–30°C),57.9699604262076
Hot (30–50°C),55.95376012528158
