battery_issue_imminent,fraction
0,0.9951219512195122
1,0.004878048780487805
