battery_issue_imminent,fraction
0,0.9933333333333333
1,0.006666666666666667
