temp_band,avg_battery_health_percent
Cold (0–10°C),94.16671050000001
Mild (10–20°C),93.47756809333333
Warm (20–30°C),93.21608524
Hot (30–50°C),94.29145232705127
