temp_band,avg_engine_performance_percent
Cold (0–10°C),62.16336096767366
Mild (10–20°C),51.75330298971039
Warm (20–30°C),58.732844036244686
Hot (30–50°C),56.48775741156682
