temp_band,avg_brake_temp_c
Cold (0–10°C),36.2142045604
Mild (10–20°C),96.80147628076922
Warm (20–30°C),76.38878380660975
Hot (30–50°C),84.02339876418367
