temp_band,avg_engine_performance_percent
Cold (0–10°C),47.72376607586894
Mild (10–20°C),58.92652491696717
Warm (20–30°C),55.22211920275846
Hot (30–50°C),54.831495874089335
