temp_band,avg_battery_health_percent
Cold (0–10°C),95.59680131333334
Mild (10–20°C),95.44600905454546
Warm (20–30°C),95.54326981115385
Hot (30–50°C),95.74514611954022
