temp_band,avg_battery_health_percent
Cold (0–10°C),93.19709130599999
Mild (10–20°C),93.31785365923078
Warm (20–30°C),94.27781788829267
Hot (30–50°C),93.72459531367348
