brake_issue_imminent,fraction
0,0.9910714285714286
1,0.008928571428571428
