temp_band,avg_battery_health_percent
Very Cold (<0°C),94.97684625
Cold (0–10°C),92.9522535125
Mild (10–20°C),93.61398618038461
Warm (20–30°C),93.67227785756756
Hot (30–50°C),93.14475200302083
