temp_band,avg_brake_temp_c
Very Cold (<0°C),43.2873154
Cold (0–10°C),79.36769065
Mild (10–20°C),55.17224540661538
Warm (20–30°C),72.58729251683785
Hot (30–50°C),82.65342741673958
