temp_band,avg_engine_performance_percent
Very Cold (<0°C),57.21323735216613
Cold (0–10°C),46.64295692818041
Mild (10–20°C),56.03533909327712
Warm (20–30°C),60.92002669931624
Hot (30–50°C),58.51667174874611
