battery_issue_imminent,fraction
0,0.9969230769230769
1,0.003076923076923077
