temp_band,avg_brake_temp_c
Cold (0–10°C),86.09673459999999
Mild (10–20°C),77.82571509209374
Warm (20–30°C),84.23853912275999
Hot (30–50°C),85.77658330362294
