engine_failure_imminent,fraction
0,0.9907692307692307
1,0.009230769230769232
