temp_band,avg_battery_health_percent
Cold (0–10°C),94.99471606000002
Mild (10–20°C),95.65626667375
Warm (20–30°C),96.11421072819999
Hot (30–50°C),96.39661031087431
