brake_issue_imminent,fraction
0,0.9876923076923076
1,0.012307692307692308
