temp_band,avg_engine_performance_percent
Cold (0–10°C),49.18468937626373
Mild (10–20°C),56.945427414093274
Warm (20–30°C),57.306808303710525
Hot (30–50°C),57.285110536533544
