temp_band,avg_brake_temp_c
Very Cold (<0°C),95.30089289
Cold (0–10°C),127.4698096
Mild (10–20°C),95.37330076779999
Warm (20–30°C),71.02259221658824
Hot (30–50°C),86.8415521317922
