engine_failure_imminent,fraction
0,0.9869281045751634
1,0.013071895424836602
