temp_band,avg_engine_performance_percent
Very Cold (<0°C),49.33276972095266
Cold (0–10°C),66.54239164008861
Mild (10–20°C),53.065306725709476
Warm (20–30°C),58.93567441855837
Hot (30–50°C),57.49428078773078
