temp_band,avg_battery_health_percent
Very Cold (<0°C),90.9995713
Cold (0–10°C),91.75891463
Mild (10–20°C),92.2503398045
Warm (20–30°C),92.09499240235294
Hot (30–50°C),92.17341731714285
