brake_issue_imminent,fraction
0,0.9934640522875817
1,0.006535947712418301
