temp_band,avg_brake_temp_c
Very Cold (<0°C),45.53095699
Cold (0–10°C),63.511198044000004
Mild (10–20°C),90.26373117374419
Warm (20–30°C),85.71188105096117
Hot (30–50°C),80.83441379039375
