brake_issue_imminent,fraction
0,0.9873015873015873
1,0.012698412698412698
