engine_failure_imminent,fraction
0,0.9936507936507937
1,0.006349206349206349
