temp_band,avg_brake_temp_c
Cold (0–10°C),91.79931527333333
Mild (10–20°C),74.790849458
Warm (20–30°C),94.1041440834
Hot (30–50°C),75.33453959434615
