temp_band,avg_battery_health_percent
Very Cold (<0°C),94.54532838
Cold (0–10°C),96.878013145
Mild (10–20°C),94.43087222785714
Warm (20–30°C),94.38634782938462
Hot (30–50°C),95.12524753847826
