temp_band,avg_engine_performance_percent
Very Cold (<0°C),40.30019563815621
Cold (0–10°C),62.909597488659564
Mild (10–20°C),54.435395219053746
Warm (20–30°C),54.363011542207744
Hot (30–50°C),55.695703720643735
