temp_band,avg_battery_health_percent
Very Cold (<0°C),91.97000911
Cold (0–10°C),94.29498939999999
Mild (10–20°C),93.62175979139535
Warm (20–30°C),93.8984989461165
Hot (30–50°C),94.0783440678125
