temp_band,avg_engine_performance_percent
Very Cold (<0°C),80.78897589606187
Cold (0–10°C),53.96182936496048
Mild (10–20°C),57.09846699877211
Warm (20–30°C),58.141957347375254
Hot (30–50°C),57.89970316893387
