temp_band,avg_battery_health_percent
Cold (0–10°C),93.35939285571429
Mild (10–20°C),93.75983018675001
Warm (20–30°C),93.39342662308641
Hot (30–50°C),93.62620352764706
