battery_issue_imminent,fraction
0,0.9957081545064378
1,0.004291845493562232
