brake_issue_imminent,fraction
0,0.9914163090128756
1,0.008583690987124463
