temp_band,avg_engine_performance_percent
Cold (0–10°C),56.897423728475985
Mild (10–20°C),58.6226499392846
Warm (20–30°C),59.23518716626056
Hot (30–50°C),56.256866899007775
