battery_issue_imminent,fraction
0,0.9895833333333334
1,0.010416666666666666
