temp_band,avg_brake_temp_c
Very Cold (<0°C),75.49194366500001
Cold (0–10°C),64.316604985
Mild (10–20°C),84.61009727603572
Warm (20–30°C),77.60773216481539
Hot (30–50°C),78.55507492051088
