battery_issue_imminent,fraction
0,0.9829059829059829
1,0.017094017094017096
