temp_band,avg_battery_health_percent
Very Cold (<0°C),97.19861668
Cold (0–10°C),94.70847601333332
Mild (10–20°C),93.740147441875
Warm (20–30°C),94.69397046351351
Hot (30–50°C),94.71760611086208
