temp_band,avg_engine_performance_percent
Very Cold (<0°C),62.68202030270117
Cold (0–10°C),57.438335154760175
Mild (10–20°C),57.129501817230455
Warm (20–30°C),53.4856790983539
Hot (30–50°C),55.01116021024964
