temp_band,avg_brake_temp_c
Cold (0–10°C),112.10849846714287
Mild (10–20°C),85.3202636623
Warm (20–30°C),78.18135598351853
Hot (30–50°C),82.12013765878432
