brake_issue_imminent,fraction
0,0.9914529914529915
1,0.008547008547008548
