temp_band,avg_brake_temp_c
Very Cold (<0°C),62.39175974
Cold (0–10°C),46.50175871666667
Mild (10–20°C),90.532926256
Warm (20–30°C),79.22056995535135
Hot (30–50°C),88.18879562682758
